frame,time,motion,motion_w8,motion_localmax,luma,centroid_x,centroid_y
0,0.0000,0.0267,0.0267,0.2083,59.50,0.491,0.562
1,0.0417,0.0171,0.0430,0.4028,59.51,0.478,0.577
2,0.0833,0.0203,0.0585,0.5764,59.51,0.482,0.575
3,0.1250,0.0180,0.0693,0.6806,59.51,0.490,0.606
4,0.1667,0.0266,0.0911,0.8056,59.51,0.464,0.515
5,0.2083,0.0202,0.1029,0.9375,59.51,0.492,0.581
6,0.2500,0.0217,0.1165,1.1736,59.51,0.483,0.550
7,0.2917,0.0234,0.1339,1.4236,59.50,0.479,0.572
8,0.3333,0.0192,0.1336,1.5764,59.51,0.481,0.586
9,0.3750,0.0188,0.1361,1.6667,59.51,0.499,0.563
10,0.4167,0.0204,0.1373,1.6181,59.51,0.479,0.596
11,0.4583,0.0218,0.1374,1.5347,59.50,0.463,0.592
12,0.5000,0.0208,0.1288,1.3542,59.51,0.496,0.556
13,0.5417,0.0199,0.1300,1.1667,59.51,0.471,0.577
14,0.5833,0.0230,0.1311,1.2153,59.51,0.522,0.584
15,0.6250,0.0276,0.1372,1.2361,59.51,0.470,0.601
16,0.6667,0.0208,0.1373,1.1944,59.51,0.481,0.582
17,0.7083,0.0191,0.1389,1.2083,59.51,0.452,0.605
18,0.7500,13.1187,13.1126,103.0903,59.51,0.503,0.382
19,0.7917,0.3109,13.3594,103.0903,47.00,0.253,0.321
20,0.8333,1.2678,14.1636,103.0903,47.26,0.208,0.407
21,0.8750,1.9854,14.9397,103.0903,48.24,0.191,0.492
22,0.9167,2.6832,16.0323,103.0903,49.15,0.201,0.519
23,0.9583,3.1684,16.2129,103.1042,50.34,0.207,0.557
24,1.0000,3.3430,16.8078,103.1042,50.55,0.240,0.559
25,1.0417,3.7046,16.9014,103.1042,51.29,0.253,0.578
26,1.0833,3.4366,5.2182,34.7639,51.75,0.270,0.584
27,1.1250,3.4334,5.4891,43.6806,52.02,0.279,0.595
28,1.1667,3.4261,5.7193,45.3611,52.21,0.292,0.604
29,1.2083,3.3962,5.9528,34.9236,52.38,0.303,0.614
30,1.2500,3.5021,6.1582,35.5903,52.66,0.310,0.599
31,1.2917,3.2922,6.3580,46.5972,53.19,0.298,0.618
32,1.3333,3.1152,6.1836,36.2986,53.33,0.315,0.607
33,1.3750,2.7938,5.9258,39.2778,53.67,0.315,0.615
34,1.4167,2.6246,6.6172,48.4861,53.79,0.319,0.612
35,1.4583,2.3964,6.3662,43.7361,53.97,0.327,0.614
36,1.5000,2.3073,5.8832,40.1181,54.00,0.333,0.613
37,1.5417,2.2850,4.5731,28.0694,54.09,0.332,0.614
38,1.5833,2.0891,4.6319,24.6528,54.21,0.331,0.627
39,1.6250,1.9533,5.6455,38.6736,54.29,0.344,0.625
40,1.6667,1.8239,6.0946,46.7153,54.35,0.335,0.635
41,1.7083,1.7069,6.0133,43.9444,54.39,0.344,0.637
42,1.7500,1.5011,6.1587,48.8750,54.40,0.350,0.645
43,1.7917,1.4070,5.9962,44.5833,54.43,0.351,0.648
44,1.8333,1.2153,5.4135,44.1944,54.43,0.355,0.657
45,1.8750,1.0914,5.2276,41.4514,54.45,0.359,0.670
46,1.9167,0.9602,4.9401,41.6111,54.45,0.368,0.673
47,1.9583,0.8285,4.2204,37.8264,54.48,0.371,0.695
48,2.0000,0.8023,3.4538,27.7153,54.49,0.372,0.692
49,2.0417,0.7701,2.7973,22.0625,54.47,0.371,0.713
50,2.0833,0.7649,2.3486,17.6944,54.48,0.370,0.715
51,2.1250,1.0789,2.1338,13.2014,54.47,0.413,0.504
52,2.1667,1.9884,2.8707,33.8264,54.79,0.454,0.341
53,2.2083,2.1555,3.6058,33.8264,55.95,0.459,0.404
54,2.2500,3.3066,3.5130,34.1944,56.99,0.474,0.361
55,2.2917,3.3702,3.5722,34.6111,57.09,0.475,0.476
56,2.3333,2.4947,2.0803,37.0486,57.21,0.465,0.514
57,2.3750,1.6136,2.1415,39.0486,55.75,0.457,0.615
58,2.4167,1.2724,2.1564,37.4722,55.83,0.449,0.624
59,2.4583,1.1777,2.4976,41.8472,55.83,0.445,0.629
60,2.5000,1.1765,3.6992,43.4722,55.85,0.450,0.627
61,2.5417,1.1915,4.7780,46.9444,55.85,0.456,0.624
62,2.5833,1.2301,4.6436,50.8542,55.87,0.464,0.624
63,2.6250,1.5345,4.3890,55.5486,55.87,0.493,0.611
64,2.6667,1.1719,3.1035,58.0139,55.90,0.471,0.637
65,2.7083,1.1621,3.2184,59.1806,55.91,0.476,0.637
66,2.7500,1.1968,3.3150,55.7292,55.93,0.479,0.634
67,2.7917,1.2015,3.3483,52.4583,55.95,0.485,0.632
68,2.8333,1.1969,3.3401,48.8889,55.96,0.487,0.633
69,2.8750,1.2062,3.3141,46.1806,55.97,0.489,0.633
70,2.9167,1.1984,3.2645,49.7708,55.97,0.496,0.631
71,2.9583,1.2997,3.3401,49.2569,55.96,0.490,0.609
72,3.0000,1.2053,3.3483,50.1875,55.92,0.498,0.630
73,3.0417,1.2078,3.3888,55.1042,55.91,0.499,0.630
74,3.0833,1.2146,3.3968,56.4792,55.90,0.505,0.628
75,3.1250,1.2138,3.4047,56.3750,55.89,0.506,0.631
76,3.1667,1.2287,3.4087,56.4722,55.88,0.507,0.626
77,3.2083,1.8074,4.0506,50.7361,55.85,0.385,0.626
78,3.2500,3.7426,6.3518,46.1528,55.78,0.369,0.645
79,3.2917,5.3950,8.0093,55.7014,55.74,0.367,0.642
80,3.3333,6.4413,9.0420,47.0903,55.58,0.374,0.615
81,3.3750,7.8645,10.2102,51.9028,55.39,0.407,0.569
82,3.4167,10.2828,11.2013,58.8125,54.92,0.440,0.543
83,3.4583,8.7980,9.1383,44.4167,54.77,0.422,0.459
84,3.5000,6.3982,8.0235,48.4375,54.46,0.454,0.398
85,3.5417,7.5128,10.7658,90.7708,51.34,0.411,0.643
86,3.5833,12.5158,19.3040,147.2639,54.98,0.418,0.739
87,3.6250,17.6406,22.2378,139.6389,62.38,0.431,0.769
88,3.6667,14.9414,23.0873,161.6528,65.42,0.392,0.704
89,3.7083,11.6267,23.6651,139.0000,66.49,0.352,0.637
90,3.7500,8.4562,24.3116,118.0903,67.42,0.316,0.591
91,3.7917,5.7987,23.1998,113.6944,68.13,0.277,0.514
92,3.8333,2.7910,21.2640,113.9653,68.32,0.246,0.429
93,3.8750,1.9353,22.4671,121.4931,68.35,0.224,0.391
94,3.9167,2.2427,26.9204,147.2639,68.71,0.265,0.511
95,3.9583,3.1217,27.5697,176.6389,69.12,0.321,0.596
96,4.0000,5.2365,21.0764,121.9861,69.68,0.353,0.605
97,4.0417,8.2963,18.9111,116.9514,69.70,0.397,0.624
98,4.0833,7.5946,14.0819,73.4375,70.18,0.535,0.568
99,4.1250,7.4992,8.5689,51.4167,69.87,0.633,0.483
100,4.1667,4.7743,4.1349,46.1319,69.52,0.688,0.430
101,4.2083,1.8904,2.8263,47.8611,67.82,0.586,0.480
102,4.2500,0.6611,2.7727,44.3264,67.15,0.323,0.649
103,4.2917,0.3519,4.8759,67.4583,67.18,0.323,0.644
104,4.3333,0.1145,6.9441,82.0000,67.21,0.325,0.635
105,4.3750,36.1033,37.8320,155.5764,67.21,0.470,0.598
106,4.4167,0.0005,35.3998,151.2222,66.25,0.652,0.406
107,4.4583,0.1276,38.5560,162.2292,66.25,0.005,0.619
108,4.5000,1.3737,38.2413,162.2292,66.37,0.047,0.561
109,4.5417,1.6308,36.9756,162.2292,67.72,0.123,0.511
110,4.5833,2.8433,36.6717,162.2292,69.05,0.138,0.499
111,4.6250,2.9218,38.4023,162.2292,69.05,0.226,0.445
112,4.6667,3.1185,38.6559,162.0000,69.00,0.344,0.405
113,4.7083,3.4811,3.7097,69.4444,69.10,0.438,0.384
114,4.7500,4.1292,2.3417,24.7222,69.09,0.485,0.380
115,4.7917,2.2247,3.7316,24.1667,66.69,0.563,0.449
116,4.8333,3.9630,7.4869,58.9236,66.66,0.585,0.400
117,4.8750,3.8129,10.7044,70.8681,66.64,0.575,0.432
118,4.9167,3.2980,11.9386,67.7917,66.56,0.554,0.485
119,4.9583,3.5047,12.9948,66.1389,66.45,0.568,0.521
120,5.0000,4.3521,14.5107,76.0764,66.35,0.575,0.513
121,5.0417,5.4631,16.6219,87.2083,66.21,0.564,0.506
122,5.0833,6.8863,16.0608,102.3958,66.03,0.559,0.509
123,5.1250,8.5109,19.4200,121.5556,65.90,0.562,0.511
124,5.1667,10.5625,27.0556,146.1458,65.80,0.568,0.518
125,5.2083,13.5943,34.1650,161.3681,65.62,0.569,0.537
126,5.2500,20.7299,36.0059,170.1667,65.52,0.551,0.591
127,5.2917,28.9427,33.5437,170.3681,64.53,0.466,0.653
128,5.3333,21.4466,29.5117,165.4375,62.90,0.396,0.727
129,5.3750,13.7209,26.8934,156.2639,60.09,0.387,0.762
130,5.4167,10.7158,26.0611,143.1389,57.68,0.366,0.755
131,5.4583,9.0610,26.1685,121.9514,56.93,0.355,0.755
132,5.5000,7.1505,26.6365,132.1597,56.73,0.354,0.764
133,5.5417,5.4787,27.0687,167.4583,57.05,0.358,0.758
134,5.5833,4.1599,24.6222,132.7431,57.41,0.353,0.740
135,5.6250,3.0556,22.1990,144.2431,57.63,0.345,0.728
136,5.6667,2.0942,13.8500,87.1806,57.73,0.337,0.709
137,5.7083,1.0809,10.9510,71.6667,57.83,0.367,0.681
138,5.7500,0.9074,13.8974,123.1944,57.89,0.395,0.759
139,5.7917,1.0875,12.8273,120.5903,57.97,0.402,0.817
140,5.8333,1.5010,9.9058,90.3056,58.09,0.402,0.852
141,5.8750,1.8610,7.9960,60.3264,58.31,0.421,0.874
142,5.9167,2.1935,6.8728,45.7292,58.72,0.411,0.872
143,5.9583,2.5995,7.2755,83.3472,59.48,0.308,0.809
144,6.0000,8.3688,11.9086,150.2500,60.88,0.299,0.822
145,6.0417,11.2605,12.0520,139.0833,61.74,0.383,0.825
146,6.0833,4.4311,12.1184,164.4444,61.77,0.441,0.821
147,6.1250,3.4607,12.5528,160.4167,61.74,0.480,0.848
148,6.1667,2.7415,12.4809,149.0000,61.75,0.505,0.862
149,6.2083,2.1085,13.0709,139.4306,61.76,0.514,0.866
150,6.2500,1.5264,13.8606,132.4444,61.78,0.517,0.868
151,6.2917,1.0640,15.2368,127.7778,61.77,0.524,0.870
152,6.3333,0.6662,16.1073,162.4861,61.77,0.522,0.871
153,6.3750,0.3682,8.9597,106.3958,61.77,0.523,0.869
154,6.4167,0.1250,6.5161,81.2431,61.77,0.521,0.838
155,6.4583,1.4268,6.2920,64.6111,61.76,0.477,0.030
156,6.5000,0.5962,5.6233,85.1389,63.15,0.477,0.074
157,6.5417,0.3814,5.2176,96.3611,63.66,0.476,0.090
158,6.5833,0.3040,4.4138,103.6319,63.90,0.476,0.097
159,6.6250,0.2518,3.6032,106.8194,64.06,0.477,0.105
160,6.6667,0.1379,3.0167,107.1528,64.19,0.473,0.103
161,6.7083,0.1246,2.7102,106.4792,64.25,0.477,0.111
162,6.7500,0.1365,2.6874,106.0069,64.31,0.476,0.130
163,6.7917,0.1770,1.8940,59.5972,64.40,0.477,0.153
164,6.8333,0.2075,1.5308,36.2222,64.52,0.478,0.180
165,6.8750,0.2964,1.4680,38.4444,64.69,0.480,0.211
166,6.9167,0.4791,1.6845,48.0347,64.96,0.479,0.248
167,6.9583,0.7618,2.1786,44.8403,65.41,0.479,0.308
168,7.0000,1.2925,3.3098,54.0486,66.14,0.477,0.409
169,7.0417,1.2960,4.4402,54.6250,67.38,0.477,0.535
170,7.0833,0.1924,4.4722,54.8819,68.62,0.474,0.568
171,7.1250,0.0543,4.3252,55.0764,68.75,0.475,0.411
172,7.1667,0.0547,4.1466,55.2222,68.75,0.469,0.411
173,7.2083,0.0536,3.8914,55.3264,68.76,0.471,0.418
174,7.2500,0.0513,3.4743,55.4167,68.76,0.469,0.405
175,7.2917,0.0510,2.7728,55.3819,68.76,0.470,0.409
176,7.3333,0.0510,1.6031,45.3611,68.76,0.471,0.410
177,7.3750,0.0533,0.4274,4.8542,68.76,0.472,0.406
178,7.4167,0.0518,0.3065,2.9306,68.76,0.472,0.398
179,7.4583,0.0551,0.3048,2.9167,68.76,0.470,0.403
180,7.5000,0.0527,0.3109,2.8750,68.76,0.472,0.399
181,7.5417,0.0560,0.3139,3.0486,68.76,0.476,0.405
182,7.5833,0.0540,0.3186,3.0486,68.76,0.472,0.410
183,7.6250,0.0523,0.3227,2.9931,68.76,0.473,0.415
184,7.6667,0.0545,0.3257,3.0347,68.75,0.474,0.404
185,7.7083,0.0500,0.3166,2.9722,68.75,0.469,0.409
186,7.7500,0.0523,0.3167,2.8889,68.75,0.473,0.405
187,7.7917,0.0539,0.3112,3.0000,68.75,0.471,0.405
188,7.8333,0.0566,0.3095,3.0347,68.75,0.470,0.382
189,7.8750,0.1132,0.3619,4.0556,68.75,0.471,0.278
190,7.9167,0.4711,0.7432,18.4097,68.69,0.479,0.202
191,7.9583,1.1213,1.7429,38.4097,68.30,0.478,0.263
192,8.0000,1.7834,3.3890,55.0000,67.24,0.477,0.402
193,8.0417,0.9519,4.2592,54.7569,65.51,0.478,0.538
194,8.0833,0.2663,4.4647,54.4792,64.60,0.468,0.593
195,8.1250,0.0221,4.4820,54.2639,64.37,0.531,0.202
196,8.1667,0.0811,4.5494,54.4583,64.37,0.500,0.132
197,8.2083,0.4679,4.9499,54.7292,64.37,0.486,0.523
198,8.2500,1.3814,5.8790,54.9097,64.36,0.467,0.610
199,8.2917,2.3645,6.4944,55.1597,64.39,0.462,0.620
200,8.3333,3.3964,6.3888,44.0486,64.43,0.474,0.619
201,8.3750,4.2084,7.9194,47.2917,64.45,0.482,0.591
202,8.4167,6.3368,10.0915,96.5417,64.42,0.484,0.610
203,8.4583,8.3159,11.9089,148.3542,64.50,0.458,0.572
204,8.5000,9.9556,15.3503,145.4514,64.64,0.466,0.541
205,8.5417,11.3172,16.0146,124.3889,64.93,0.458,0.511
206,8.5833,9.1126,16.2839,108.7292,66.28,0.451,0.550
207,8.6250,6.8009,16.4972,114.9931,66.71,0.437,0.587
208,8.6667,4.4995,16.3431,131.1111,67.00,0.436,0.575
209,8.7083,3.3376,16.5080,138.6667,67.07,0.430,0.602
210,8.7500,2.2099,16.3709,141.8125,67.09,0.430,0.602
211,8.7917,1.2912,16.0183,169.3264,67.13,0.435,0.566
212,8.8333,0.6018,16.6942,150.5417,67.25,0.454,0.418
213,8.8750,0.3274,14.2639,125.2153,67.43,0.491,0.164
214,8.9167,0.3831,12.1642,79.6597,67.65,0.484,0.204
215,8.9583,0.6287,9.6819,55.5208,67.96,0.483,0.287
216,9.0000,0.8040,7.4682,66.8819,68.40,0.495,0.248
217,9.0417,1.2764,6.7382,65.9028,69.15,0.495,0.308
218,9.0833,2.1579,7.0059,71.9792,70.37,0.493,0.410
219,9.1250,2.2191,7.9129,72.9444,72.45,0.493,0.536
220,9.1667,0.4808,7.8351,73.2986,74.56,0.491,0.593
221,9.2083,0.0940,7.5791,73.6250,74.94,0.489,0.404
222,9.2500,0.0894,7.2776,73.9028,74.95,0.486,0.410
223,9.2917,0.0880,6.7330,74.0208,74.95,0.489,0.404
224,9.3333,0.0867,6.0312,74.1181,74.95,0.488,0.404
225,9.3750,0.0832,4.8557,74.0625,74.95,0.488,0.399
226,9.4167,0.0869,2.9049,64.8681,74.95,0.491,0.393
227,9.4583,0.0878,0.8891,11.8542,74.95,0.490,0.398
228,9.5000,0.0870,0.5146,5.0764,74.95,0.490,0.392
229,9.5417,0.0913,0.5130,5.0972,74.95,0.490,0.395
230,9.5833,0.0906,0.5207,4.9236,74.95,0.489,0.399
231,9.6250,0.0934,0.5288,5.1528,74.95,0.488,0.403
232,9.6667,0.0908,0.5370,5.1667,74.95,0.490,0.407
233,9.7083,0.0876,0.5479,5.0417,74.95,0.489,0.406
234,9.7500,0.0870,0.5467,5.2292,74.95,0.489,0.410
235,9.7917,0.0858,0.5412,5.2153,74.95,0.490,0.403
236,9.8333,0.0869,0.5353,4.9236,74.95,0.489,0.400
237,9.8750,0.0892,0.5224,5.1042,74.95,0.491,0.401
238,9.9167,0.0977,0.5233,5.1944,74.95,0.485,0.375
239,9.9583,0.2010,0.6239,8.3889,74.94,0.482,0.282
240,10.0000,0.8312,1.2979,31.1389,74.84,0.491,0.202
241,10.0417,1.8941,2.9874,58.0139,74.14,0.493,0.265
242,10.0833,2.9850,5.7420,73.5625,72.35,0.494,0.402
243,10.1250,1.5938,7.1965,73.1806,69.45,0.495,0.538
244,10.1667,0.4326,7.5370,72.7361,67.93,0.484,0.603
245,10.2083,0.0031,7.5386,72.3958,67.54,0.444,0.832
246,10.2500,0.0012,7.5270,72.6111,67.54,0.357,0.757
247,10.2917,0.0012,7.4223,73.0000,67.53,0.414,0.926
248,10.3333,0.0027,6.7011,73.3750,67.54,0.468,0.797
249,10.3750,0.0164,4.9141,73.7292,67.53,0.568,0.478
250,10.4167,0.2715,2.2500,60.1597,67.54,0.447,0.684
251,10.4583,0.8247,1.4998,13.9167,67.55,0.446,0.652
252,10.5000,1.3422,2.3805,13.2292,67.56,0.433,0.622
253,10.5417,1.9309,3.9200,25.2569,67.53,0.431,0.612
254,10.5833,2.6986,5.3770,40.8958,67.53,0.425,0.583
255,10.6250,3.5360,7.8039,55.8611,67.51,0.417,0.554
256,10.6667,4.3997,10.0833,76.5972,67.48,0.414,0.496
257,10.7083,6.4281,12.3559,112.1042,67.43,0.396,0.514
258,10.7500,8.3793,14.0017,156.9375,67.24,0.368,0.461
259,10.7917,10.9630,18.5116,148.2153,66.92,0.355,0.495
260,10.8333,10.1341,21.1579,146.4306,66.62,0.382,0.601
261,10.8750,7.2076,22.2045,149.8750,65.82,0.388,0.639
262,10.9167,4.6650,22.0152,153.9236,65.16,0.388,0.631
263,10.9583,3.2788,22.0162,155.6181,64.67,0.374,0.639
264,11.0000,2.4116,22.0749,155.0208,64.34,0.363,0.668
265,11.0417,1.6257,22.3723,149.0556,64.14,0.346,0.663
266,11.0833,0.9906,21.1241,145.3611,64.04,0.336,0.703
267,11.1250,0.5344,17.0514,152.4167,63.96,0.329,0.713
268,11.1667,0.1666,13.3662,107.9931,63.92,0.330,0.703
269,11.2083,0.0031,9.5828,59.3542,63.90,0.410,0.740
270,11.2500,0.0014,6.8215,41.4375,63.90,0.462,0.735
271,11.2917,0.0018,4.4524,26.5903,63.90,0.455,0.617
272,11.3333,0.0155,2.8161,19.2222,63.90,0.535,0.662
273,11.3750,0.6538,2.0831,18.4931,63.90,0.559,0.697
274,11.4167,0.8063,1.7984,26.9167,63.78,0.561,0.705
275,11.4583,0.5094,1.7023,35.8194,63.61,0.560,0.706
276,11.5000,0.3254,1.7459,39.5069,63.48,0.559,0.709
277,11.5417,0.2131,1.8582,41.9722,63.39,0.559,0.711
278,11.5833,0.1508,1.9651,45.4306,63.32,0.560,0.715
279,11.6250,0.1160,2.0406,48.1944,63.27,0.557,0.717
280,11.6667,0.0789,2.0903,49.9306,63.24,0.557,0.720
281,11.7083,0.0541,1.7680,48.3472,63.22,0.557,0.714
282,11.7500,0.0277,1.3014,42.3889,63.20,0.547,0.725
283,11.7917,0.0067,0.8716,30.1042,63.19,0.533,0.744
284,11.8333,0.0015,0.6007,21.7431,63.19,0.543,0.637
285,11.8750,0.0015,0.4191,16.4167,63.19,0.558,0.612
286,11.9167,0.0065,0.2706,10.9861,63.19,0.535,0.742
287,11.9583,0.1224,0.2727,7.2153,63.19,0.413,0.603
288,12.0000,0.0060,0.1930,4.0972,63.19,0.319,0.632
289,12.0417,0.0015,0.1424,1.8125,63.19,0.429,0.333
290,12.0833,0.0016,0.1200,0.7847,63.19,0.403,0.450
291,12.1250,0.0042,0.1182,0.7986,63.19,0.371,0.531
292,12.1667,0.2879,0.3843,9.3958,63.19,0.558,0.746
293,12.2083,7.1730,7.4266,133.1528,63.20,0.557,0.548
294,12.2500,7.1539,13.5892,146.6319,68.72,0.556,0.348
295,12.2917,19.0755,18.3010,123.8542,73.21,0.420,0.457
296,12.3333,17.1074,19.1544,149.2014,63.16,0.428,0.455
297,12.3750,8.8285,16.6387,168.5833,55.88,0.432,0.559
298,12.4167,0.1122,16.6108,168.5903,47.20,0.553,0.008
299,12.4583,0.3173,16.9021,168.5903,47.15,0.529,0.025
300,12.5000,0.3650,17.1961,168.4792,47.45,0.527,0.055
301,12.5417,0.5757,22.8035,169.2222,47.72,0.528,0.065
302,12.5833,0.6340,26.0892,186.1042,47.72,0.526,0.106
303,12.6250,0.6023,16.0791,177.5903,47.63,0.524,0.185
304,12.6667,0.6176,9.6262,183.8125,47.57,0.528,0.269
305,12.7083,0.6249,0.7835,22.3472,47.54,0.533,0.323
306,12.7500,0.6063,0.7063,18.9236,47.50,0.535,0.349
307,12.7917,0.5571,0.9704,28.9375,47.46,0.533,0.357
308,12.8333,0.5066,1.2083,44.6111,47.42,0.545,0.370
309,12.8750,0.4320,1.1861,44.1597,47.39,0.541,0.376
310,12.9167,0.3883,1.0741,28.1528,47.36,0.544,0.379
311,12.9583,0.3491,1.0233,18.6597,47.33,0.544,0.378
312,13.0000,0.3257,0.9910,24.6875,47.32,0.547,0.373
313,13.0417,0.2910,0.9362,22.2847,47.30,0.552,0.364
314,13.0833,0.2582,0.8772,18.8194,47.29,0.553,0.373
315,13.1250,0.1897,0.8301,14.9444,47.28,0.566,0.370
316,13.1667,0.1393,0.7781,11.7083,47.27,0.571,0.395
317,13.2083,0.1100,0.7309,14.2014,47.25,0.566,0.389
318,13.2500,0.0902,0.6925,15.9583,47.24,0.565,0.391
319,13.2917,0.0773,0.6147,13.4931,47.23,0.530,0.423
320,13.3333,0.0628,0.5532,10.6667,47.22,0.538,0.406
321,13.3750,0.0573,0.4570,6.7917,47.21,0.526,0.423
322,13.4167,0.0477,0.3876,4.8194,47.21,0.506,0.413
323,13.4583,0.0432,0.3359,3.9306,47.20,0.501,0.424
324,13.5000,0.0423,0.3082,3.4444,47.20,0.511,0.405
325,13.5417,0.0382,0.3016,2.9306,47.20,0.511,0.397
326,13.5833,0.0405,0.2971,3.1458,47.20,0.490,0.393
327,13.6250,0.0450,0.2827,3.7778,47.20,0.488,0.404
328,13.6667,0.0493,0.2804,4.4514,47.20,0.488,0.419
329,13.7083,0.0585,0.2885,5.3333,47.20,0.481,0.434
330,13.7500,0.0740,0.3167,6.3264,47.21,0.495,0.415
331,13.7917,0.0879,0.3699,7.0764,47.23,0.485,0.417
332,13.8333,0.1206,0.4440,7.4861,47.26,0.498,0.411
333,13.8750,0.1719,0.5428,7.2639,47.30,0.494,0.411
334,13.9167,0.2767,0.7236,12.7431,47.39,0.499,0.417
335,13.9583,0.5685,1.0956,25.6528,47.54,0.497,0.436
336,14.0000,3.2220,4.1216,73.4444,47.88,0.499,0.486
337,14.0417,10.7507,14.0317,115.2639,50.96,0.497,0.356
338,14.0833,3.6682,13.5382,100.5208,60.81,0.498,0.559
339,14.1250,4.0855,12.1063,93.1111,60.22,0.500,0.538
340,14.1667,2.6349,12.2322,100.8889,58.51,0.507,0.476
341,14.2083,2.0436,12.6109,106.7222,58.54,0.508,0.480
342,14.2500,1.5777,12.8394,109.8194,58.81,0.509,0.485
343,14.2917,1.2040,12.9597,112.1528,59.02,0.511,0.501
344,14.3333,0.8589,13.9061,97.0556,59.25,0.513,0.628
345,14.3750,0.6838,8.5891,95.4792,59.37,0.502,0.643
346,14.4167,0.4273,7.1427,75.8819,59.45,0.499,0.637
347,14.4583,0.2358,5.4243,41.5417,59.46,0.501,0.651
348,14.5000,0.1087,4.5116,39.1111,59.51,0.490,0.602
349,14.5417,0.0362,3.5027,28.1319,59.53,0.464,0.618
350,14.5833,0.0414,2.5392,25.0625,59.54,0.477,0.555
351,14.6250,0.0349,2.0635,23.8819,59.53,0.466,0.530
352,14.6667,0.0228,1.4439,15.1111,59.54,0.473,0.572
353,14.7083,0.0234,0.8241,8.2222,59.54,0.467,0.579
354,14.7500,0.0347,0.4276,4.0000,59.54,0.469,0.526
355,14.7917,0.0336,0.2231,1.7292,59.53,0.443,0.523
356,14.8333,0.0220,0.1444,1.8403,59.54,0.496,0.569
357,14.8750,0.0252,0.1444,2.0625,59.54,0.456,0.556
358,14.9167,0.0323,0.1281,2.1042,59.54,0.461,0.542
359,14.9583,0.1461,0.2412,2.0347,59.53,0.491,0.447
360,15.0000,0.0275,0.2387,1.9028,59.51,0.448,0.534
361,15.0417,0.0233,0.2397,1.9653,59.52,0.450,0.545
362,15.0833,0.0247,0.2438,2.0069,59.52,0.499,0.555
363,15.1250,0.0237,0.2397,1.9931,59.52,0.427,0.581
364,15.1667,0.0257,0.2427,1.9792,59.52,0.457,0.557
365,15.2083,0.0228,0.2460,1.9653,59.52,0.456,0.571
366,15.2500,0.0244,0.2554,2.2292,59.52,0.474,0.585
367,15.2917,0.0245,0.1419,2.3403,59.52,0.476,0.585
368,15.3333,0.0263,0.1381,2.2014,59.52,0.449,0.601
369,15.3750,0.0225,0.1347,1.9444,59.52,0.446,0.594
370,15.4167,0.0215,0.1360,2.0833,59.52,0.468,0.596
371,15.4583,0.0250,0.1355,2.1458,59.52,0.468,0.619
372,15.5000,0.0265,0.1341,2.2778,59.52,0.460,0.597
373,15.5417,0.0250,0.1296,2.2014,59.52,0.484,0.572
374,15.5833,0.0273,0.1334,2.1806,59.52,0.467,0.596
375,15.6250,0.0250,0.1399,2.3681,59.52,0.467,0.603
376,15.6667,0.0262,0.1434,2.3472,59.52,0.448,0.636
377,15.7083,0.0254,0.1390,2.0625,59.52,0.450,0.602
378,15.7500,0.0242,0.1372,1.9167,59.52,0.497,0.585
379,15.7917,0.0235,0.1342,1.8889,59.52,0.546,0.559
380,15.8333,0.0219,0.1312,1.8056,59.52,0.572,0.553
381,15.8750,0.0224,0.1260,1.4514,59.51,0.554,0.580
382,15.9167,0.0216,0.1228,1.3333,59.51,0.564,0.557
383,15.9583,0.0192,0.1236,1.2569,59.51,0.657,0.506
384,16.0000,0.0194,0.1236,1.1875,59.50,0.696,0.472
385,16.0417,0.0181,0.1215,1.1389,59.50,0.702,0.489
386,16.0833,0.0169,0.1251,1.1944,59.50,0.722,0.482
387,16.1250,0.0177,0.1286,1.5694,59.50,0.745,0.508
388,16.1667,0.0173,0.1291,1.8542,59.50,0.746,0.496
389,16.2083,0.0176,0.1174,1.9028,59.50,0.754,0.490
390,16.2500,0.0177,0.1079,1.7917,59.50,0.761,0.484
391,16.2917,0.0169,0.1051,1.7361,59.50,0.769,0.465
392,16.3333,0.0194,0.1095,2.0139,59.50,0.725,0.503
393,16.3750,0.0178,0.1074,2.2431,59.51,0.752,0.527
394,16.4167,0.0201,0.1112,2.2361,59.51,0.739,0.499
395,16.4583,0.0196,0.1067,2.0625,59.51,0.773,0.484
396,16.5000,0.0202,0.1087,1.9514,59.51,0.750,0.479
397,16.5417,0.0180,0.1109,2.1667,59.51,0.726,0.494
398,16.5833,0.0201,0.1170,2.4306,59.51,0.768,0.519
399,16.6250,0.0204,0.1183,2.4514,59.51,0.756,0.480
400,16.6667,0.0222,0.1185,2.3403,59.50,0.748,0.474
401,16.7083,0.0218,0.1127,2.0972,59.51,0.756,0.480
402,16.7500,0.0199,0.1192,2.4097,59.51,0.752,0.507
403,16.7917,0.0194,0.1234,2.6528,59.51,0.749,0.505
404,16.8333,0.0231,0.1250,2.6597,59.51,0.755,0.479
405,16.8750,0.0222,0.1210,2.4306,59.51,0.754,0.472
406,16.9167,0.0228,0.1211,2.1528,59.51,0.765,0.502
407,16.9583,0.0202,0.1239,2.5139,59.51,0.750,0.510
408,17.0000,0.0232,0.1281,2.6736,59.51,0.732,0.459
409,17.0417,0.0233,0.1288,2.6458,59.51,0.774,0.489
410,17.0833,0.0237,0.1259,2.3194,59.51,0.776,0.495
411,17.1250,0.0228,0.1251,2.3125,59.51,0.755,0.510
412,17.1667,0.0234,0.1332,2.6736,59.51,0.729,0.516
413,17.2083,0.0245,0.1379,2.7778,59.52,0.737,0.480
414,17.2500,0.0245,0.1364,2.5625,59.52,0.774,0.503
415,17.2917,0.0246,0.1313,2.2431,59.52,0.790,0.506
416,17.3333,0.0248,0.1401,2.5208,59.52,0.728,0.529
417,17.3750,0.0256,0.1454,2.8056,59.52,0.767,0.512
418,17.4167,0.0277,0.1472,2.7778,59.52,0.739,0.501
419,17.4583,0.0278,0.1418,2.4861,59.52,0.765,0.512
420,17.5000,0.0255,0.1445,2.5139,59.52,0.752,0.530
421,17.5417,0.0260,0.1497,2.9514,59.52,0.759,0.509
422,17.5833,0.0303,0.1566,3.0208,59.52,0.740,0.489
423,17.6250,0.0281,0.1546,2.7778,59.53,0.784,0.505
424,17.6667,0.0266,0.1516,2.6250,59.53,0.750,0.509
425,17.7083,0.0309,0.1599,3.0972,59.53,0.760,0.523
426,17.7500,0.0309,0.1621,3.2014,59.53,0.776,0.510
427,17.7917,0.0314,0.1544,2.8958,59.53,0.765,0.498
428,17.8333,0.0295,0.1558,2.7361,59.53,0.750,0.527
429,17.8750,0.0315,0.1688,3.1597,59.53,0.746,0.523
430,17.9167,0.0289,0.1670,3.2847,59.53,0.772,0.477
431,17.9583,0.1284,0.2620,3.0000,59.53,0.554,0.458
432,18.0000,0.0341,0.2604,2.8889,59.53,0.707,0.520
433,18.0417,0.0290,0.2619,3.2222,59.53,0.759,0.476
434,18.0833,0.0312,0.2584,3.2361,59.53,0.753,0.492
435,18.1250,0.0326,0.2539,3.0208,59.53,0.724,0.447
436,18.1667,0.0266,0.2488,2.9792,59.53,0.754,0.455
437,18.2083,0.0288,0.2522,3.2569,59.52,0.778,0.444
438,18.2500,0.0290,0.2469,3.1944,59.52,0.734,0.415
439,18.2917,0.0267,0.1545,2.9792,59.51,0.708,0.369
440,18.3333,0.0266,0.1577,3.2639,59.52,0.713,0.383
441,18.3750,0.0268,0.1579,3.4167,59.52,0.728,0.336
442,18.4167,0.0280,0.1566,3.2778,59.52,0.737,0.348
443,18.4583,0.0254,0.1544,3.2639,59.52,0.731,0.351
444,18.5000,0.0288,0.1531,3.3819,59.52,0.743,0.340
445,18.5417,0.0262,0.1514,3.4375,59.52,0.759,0.331
446,18.5833,0.0200,0.1389,2.9792,59.52,0.668,0.403
447,18.6250,0.0238,0.1316,2.5694,59.51,0.663,0.388
448,18.6667,0.0207,0.1255,2.2986,59.51,0.692,0.423
449,18.7083,0.0184,0.1200,1.9861,59.50,0.643,0.455
450,18.7500,0.0163,0.1155,1.7569,59.50,0.547,0.514
451,18.7917,0.0133,0.1199,1.8264,59.50,0.500,0.578
452,18.8333,0.0135,0.1222,1.9514,59.50,0.505,0.565
453,18.8750,0.0132,0.1210,1.8750,59.50,0.493,0.550
454,18.9167,0.0140,0.1150,1.5556,59.50,0.470,0.563
455,18.9583,0.0136,0.1053,1.1597,59.50,0.496,0.555
456,19.0000,0.0138,0.0942,0.8264,59.50,0.489,0.532
457,19.0417,0.0141,0.0922,0.8819,59.50,0.480,0.560
458,19.0833,0.0135,0.0914,0.8889,59.50,0.504,0.560
459,19.1250,0.0151,0.0964,0.8472,59.50,0.475,0.566
460,19.1667,0.0151,0.0965,0.8333,59.50,0.485,0.555
461,19.2083,0.0151,0.0996,0.8889,59.50,0.459,0.538
462,19.2500,0.0142,0.0970,0.8958,59.50,0.504,0.575
463,19.2917,0.0138,0.0948,0.8819,59.50,0.486,0.597
464,19.3333,0.0136,0.0953,0.8889,59.50,0.501,0.552
465,19.3750,0.0163,0.0992,0.9097,59.50,0.474,0.566
466,19.4167,0.0156,0.1009,0.8611,59.50,0.472,0.556
467,19.4583,0.0153,0.1005,0.7778,59.50,0.550,0.553
468,19.5000,0.0140,0.0990,0.6944,59.50,0.480,0.581
469,19.5417,0.0169,0.1017,0.7847,59.50,0.468,0.582
470,19.5833,0.0162,0.1028,0.8611,59.50,0.487,0.588
471,19.6250,0.0165,0.1026,0.8194,59.50,0.473,0.582
472,19.6667,0.0160,0.1037,0.7986,59.50,0.475,0.556
473,19.7083,0.0150,0.1066,0.7986,59.50,0.512,0.577
474,19.7500,0.0163,0.1081,0.8681,59.50,0.479,0.572
475,19.7917,0.0171,0.1082,0.9792,59.50,0.500,0.574
476,19.8333,0.0162,0.1086,1.0000,59.50,0.485,0.573
477,19.8750,0.0165,0.1099,0.9792,59.50,0.520,0.587
478,19.9167,0.0161,0.1081,0.9375,59.50,0.453,0.611
